basename,image_url,depth_url,normal_url
022d6625-56d2-43cd-a1e0-77ae2cf08703-original,https://raw.githubusercontent.com/Mehdi1704/image-host/master/output_images/images/022d6625-56d2-43cd-a1e0-77ae2cf08703-original.jpeg,https://raw.githubusercontent.com/Mehdi1704/image-host/master/output_images/depth/022d6625-56d2-43cd-a1e0-77ae2cf08703-original.png,https://raw.githubusercontent.com/Mehdi1704/image-host/master/output_images/normals/022d6625-56d2-43cd-a1e0-77ae2cf08703-original.png
02911570-1e99-4b2c-9ad0-469321a8a342-original,https://raw.githubusercontent.com/Mehdi1704/image-host/master/output_images/images/02911570-1e99-4b2c-9ad0-469321a8a342-original.jpeg,https://raw.githubusercontent.com/Mehdi1704/image-host/master/output_images/depth/02911570-1e99-4b2c-9ad0-469321a8a342-original.png,https://raw.githubusercontent.com/Mehdi1704/image-host/master/output_images/normals/02911570-1e99-4b2c-9ad0-469321a8a342-original.png
050419f6-32ae-4276-9993-de18feaccbd1-original,https://raw.githubusercontent.com/Mehdi1704/image-host/master/output_images/images/050419f6-32ae-4276-9993-de18feaccbd1-original.jpeg,https://raw.githubusercontent.com/Mehdi1704/image-host/master/output_images/depth/050419f6-32ae-4276-9993-de18feaccbd1-original.png,https://raw.githubusercontent.com/Mehdi1704/image-host/master/output_images/normals/050419f6-32ae-4276-9993-de18feaccbd1-original.png
0547baf7-3bf0-459d-b26f-4eb4c74bda8c-original,https://raw.githubusercontent.com/Mehdi1704/image-host/master/output_images/images/0547baf7-3bf0-459d-b26f-4eb4c74bda8c-original.jpeg,https://raw.githubusercontent.com/Mehdi1704/image-host/master/output_images/depth/0547baf7-3bf0-459d-b26f-4eb4c74bda8c-original.png,https://raw.githubusercontent.com/Mehdi1704/image-host/master/output_images/normals/0547baf7-3bf0-459d-b26f-4eb4c74bda8c-original.png
0bd218b2-a4c6-4605-8737-2055d3040f25-original,https://raw.githubusercontent.com/Mehdi1704/image-host/master/output_images/images/0bd218b2-a4c6-4605-8737-2055d3040f25-original.jpeg,https://raw.githubusercontent.com/Mehdi1704/image-host/master/output_images/depth/0bd218b2-a4c6-4605-8737-2055d3040f25-original.png,https://raw.githubusercontent.com/Mehdi1704/image-host/master/output_images/normals/0bd218b2-a4c6-4605-8737-2055d3040f25-original.png
0bf16927-b577-42d5-ad43-bd4264584ecc-original,https://raw.githubusercontent.com/Mehdi1704/image-host/master/output_images/images/0bf16927-b577-42d5-ad43-bd4264584ecc-original.jpeg,https://raw.githubusercontent.com/Mehdi1704/image-host/master/output_images/depth/0bf16927-b577-42d5-ad43-bd4264584ecc-original.png,https://raw.githubusercontent.com/Mehdi1704/image-host/master/output_images/normals/0bf16927-b577-42d5-ad43-bd4264584ecc-original.png
115dbd14-27ca-4200-a232-fa9f3eb9bad7-original,https://raw.githubusercontent.com/Mehdi1704/image-host/master/output_images/images/115dbd14-27ca-4200-a232-fa9f3eb9bad7-original.jpeg,https://raw.githubusercontent.com/Mehdi1704/image-host/master/output_images/depth/115dbd14-27ca-4200-a232-fa9f3eb9bad7-original.png,https://raw.githubusercontent.com/Mehdi1704/image-host/master/output_images/normals/115dbd14-27ca-4200-a232-fa9f3eb9bad7-original.png
12babb66-d6e5-4c11-afc5-25290865b2a5-original,https://raw.githubusercontent.com/Mehdi1704/image-host/master/output_images/images/12babb66-d6e5-4c11-afc5-25290865b2a5-original.jpeg,https://raw.githubusercontent.com/Mehdi1704/image-host/master/output_images/depth/12babb66-d6e5-4c11-afc5-25290865b2a5-original.png,https://raw.githubusercontent.com/Mehdi1704/image-host/master/output_images/normals/12babb66-d6e5-4c11-afc5-25290865b2a5-original.png
1381e1a0-c925-4eac-92f2-59d1223c728c-original,https://raw.githubusercontent.com/Mehdi1704/image-host/master/output_images/images/1381e1a0-c925-4eac-92f2-59d1223c728c-original.jpeg,https://raw.githubusercontent.com/Mehdi1704/image-host/master/output_images/depth/1381e1a0-c925-4eac-92f2-59d1223c728c-original.png,https://raw.githubusercontent.com/Mehdi1704/image-host/master/output_images/normals/1381e1a0-c925-4eac-92f2-59d1223c728c-original.png
1550c506-8c95-461f-b658-8f427dc2a0af-original,https://raw.githubusercontent.com/Mehdi1704/image-host/master/output_images/images/1550c506-8c95-461f-b658-8f427dc2a0af-original.jpeg,https://raw.githubusercontent.com/Mehdi1704/image-host/master/output_images/depth/1550c506-8c95-461f-b658-8f427dc2a0af-original.png,https://raw.githubusercontent.com/Mehdi1704/image-host/master/output_images/normals/1550c506-8c95-461f-b658-8f427dc2a0af-original.png
1a96e805-fc15-4295-90a7-73a41fcb683f-original,https://raw.githubusercontent.com/Mehdi1704/image-host/master/output_images/images/1a96e805-fc15-4295-90a7-73a41fcb683f-original.jpeg,https://raw.githubusercontent.com/Mehdi1704/image-host/master/output_images/depth/1a96e805-fc15-4295-90a7-73a41fcb683f-original.png,https://raw.githubusercontent.com/Mehdi1704/image-host/master/output_images/normals/1a96e805-fc15-4295-90a7-73a41fcb683f-original.png
1ac28ed8-808c-41a8-bd4a-f7054d61e2c4-original,https://raw.githubusercontent.com/Mehdi1704/image-host/master/output_images/images/1ac28ed8-808c-41a8-bd4a-f7054d61e2c4-original.jpeg,https://raw.githubusercontent.com/Mehdi1704/image-host/master/output_images/depth/1ac28ed8-808c-41a8-bd4a-f7054d61e2c4-original.png,https://raw.githubusercontent.com/Mehdi1704/image-host/master/output_images/normals/1ac28ed8-808c-41a8-bd4a-f7054d61e2c4-original.png
1da85bf5-675f-472d-8594-733069301dd5-original,https://raw.githubusercontent.com/Mehdi1704/image-host/master/output_images/images/1da85bf5-675f-472d-8594-733069301dd5-original.jpeg,https://raw.githubusercontent.com/Mehdi1704/image-host/master/output_images/depth/1da85bf5-675f-472d-8594-733069301dd5-original.png,https://raw.githubusercontent.com/Mehdi1704/image-host/master/output_images/normals/1da85bf5-675f-472d-8594-733069301dd5-original.png
1fa390c1-9169-42c0-abbd-3aa6e1a5c90b-original,https://raw.githubusercontent.com/Mehdi1704/image-host/master/output_images/images/1fa390c1-9169-42c0-abbd-3aa6e1a5c90b-original.jpeg,https://raw.githubusercontent.com/Mehdi1704/image-host/master/output_images/depth/1fa390c1-9169-42c0-abbd-3aa6e1a5c90b-original.png,https://raw.githubusercontent.com/Mehdi1704/image-host/master/output_images/normals/1fa390c1-9169-42c0-abbd-3aa6e1a5c90b-original.png
1fc4280d-6873-48b5-b707-ac4c7d54caa6-original,https://raw.githubusercontent.com/Mehdi1704/image-host/master/output_images/images/1fc4280d-6873-48b5-b707-ac4c7d54caa6-original.jpeg,https://raw.githubusercontent.com/Mehdi1704/image-host/master/output_images/depth/1fc4280d-6873-48b5-b707-ac4c7d54caa6-original.png,https://raw.githubusercontent.com/Mehdi1704/image-host/master/output_images/normals/1fc4280d-6873-48b5-b707-ac4c7d54caa6-original.png
23166ad4-f303-46da-ab59-6d3b8943e904-original,https://raw.githubusercontent.com/Mehdi1704/image-host/master/output_images/images/23166ad4-f303-46da-ab59-6d3b8943e904-original.jpeg,https://raw.githubusercontent.com/Mehdi1704/image-host/master/output_images/depth/23166ad4-f303-46da-ab59-6d3b8943e904-original.png,https://raw.githubusercontent.com/Mehdi1704/image-host/master/output_images/normals/23166ad4-f303-46da-ab59-6d3b8943e904-original.png
273d9044-6fbe-4ba8-948d-3ce80f7976f0-original,https://raw.githubusercontent.com/Mehdi1704/image-host/master/output_images/images/273d9044-6fbe-4ba8-948d-3ce80f7976f0-original.jpeg,https://raw.githubusercontent.com/Mehdi1704/image-host/master/output_images/depth/273d9044-6fbe-4ba8-948d-3ce80f7976f0-original.png,https://raw.githubusercontent.com/Mehdi1704/image-host/master/output_images/normals/273d9044-6fbe-4ba8-948d-3ce80f7976f0-original.png
2d5a86c1-d431-454a-b6ff-f1abdfc85095-original,https://raw.githubusercontent.com/Mehdi1704/image-host/master/output_images/images/2d5a86c1-d431-454a-b6ff-f1abdfc85095-original.jpeg,https://raw.githubusercontent.com/Mehdi1704/image-host/master/output_images/depth/2d5a86c1-d431-454a-b6ff-f1abdfc85095-original.png,https://raw.githubusercontent.com/Mehdi1704/image-host/master/output_images/normals/2d5a86c1-d431-454a-b6ff-f1abdfc85095-original.png
2d798449-e3c7-4b6e-9f74-d788f51b5ce7-original,https://raw.githubusercontent.com/Mehdi1704/image-host/master/output_images/images/2d798449-e3c7-4b6e-9f74-d788f51b5ce7-original.jpeg,https://raw.githubusercontent.com/Mehdi1704/image-host/master/output_images/depth/2d798449-e3c7-4b6e-9f74-d788f51b5ce7-original.png,https://raw.githubusercontent.com/Mehdi1704/image-host/master/output_images/normals/2d798449-e3c7-4b6e-9f74-d788f51b5ce7-original.png
2ec0aa51-56ff-46ad-90f8-db9e5a9be2d5-original,https://raw.githubusercontent.com/Mehdi1704/image-host/master/output_images/images/2ec0aa51-56ff-46ad-90f8-db9e5a9be2d5-original.jpeg,https://raw.githubusercontent.com/Mehdi1704/image-host/master/output_images/depth/2ec0aa51-56ff-46ad-90f8-db9e5a9be2d5-original.png,https://raw.githubusercontent.com/Mehdi1704/image-host/master/output_images/normals/2ec0aa51-56ff-46ad-90f8-db9e5a9be2d5-original.png
2f23dc6a-6f01-46a7-a4fd-623e4f92c1ea-original,https://raw.githubusercontent.com/Mehdi1704/image-host/master/output_images/images/2f23dc6a-6f01-46a7-a4fd-623e4f92c1ea-original.jpeg,https://raw.githubusercontent.com/Mehdi1704/image-host/master/output_images/depth/2f23dc6a-6f01-46a7-a4fd-623e4f92c1ea-original.png,https://raw.githubusercontent.com/Mehdi1704/image-host/master/output_images/normals/2f23dc6a-6f01-46a7-a4fd-623e4f92c1ea-original.png
30871e66-f14d-428a-8d8c-403bc6c2af75-original,https://raw.githubusercontent.com/Mehdi1704/image-host/master/output_images/images/30871e66-f14d-428a-8d8c-403bc6c2af75-original.jpeg,https://raw.githubusercontent.com/Mehdi1704/image-host/master/output_images/depth/30871e66-f14d-428a-8d8c-403bc6c2af75-original.png,https://raw.githubusercontent.com/Mehdi1704/image-host/master/output_images/normals/30871e66-f14d-428a-8d8c-403bc6c2af75-original.png
32043e73-8b8d-43a6-b1a0-3cf935affee5-original,https://raw.githubusercontent.com/Mehdi1704/image-host/master/output_images/images/32043e73-8b8d-43a6-b1a0-3cf935affee5-original.jpeg,https://raw.githubusercontent.com/Mehdi1704/image-host/master/output_images/depth/32043e73-8b8d-43a6-b1a0-3cf935affee5-original.png,https://raw.githubusercontent.com/Mehdi1704/image-host/master/output_images/normals/32043e73-8b8d-43a6-b1a0-3cf935affee5-original.png
320b93f1-8b0b-42f3-84c6-2929825a090f-original,https://raw.githubusercontent.com/Mehdi1704/image-host/master/output_images/images/320b93f1-8b0b-42f3-84c6-2929825a090f-original.jpeg,https://raw.githubusercontent.com/Mehdi1704/image-host/master/output_images/depth/320b93f1-8b0b-42f3-84c6-2929825a090f-original.png,https://raw.githubusercontent.com/Mehdi1704/image-host/master/output_images/normals/320b93f1-8b0b-42f3-84c6-2929825a090f-original.png
32289b41-a85a-4563-8e38-c47e7693d2d0-original,https://raw.githubusercontent.com/Mehdi1704/image-host/master/output_images/images/32289b41-a85a-4563-8e38-c47e7693d2d0-original.jpeg,https://raw.githubusercontent.com/Mehdi1704/image-host/master/output_images/depth/32289b41-a85a-4563-8e38-c47e7693d2d0-original.png,https://raw.githubusercontent.com/Mehdi1704/image-host/master/output_images/normals/32289b41-a85a-4563-8e38-c47e7693d2d0-original.png
3c9a53ea-be1d-4421-a631-450c4263e07a-original,https://raw.githubusercontent.com/Mehdi1704/image-host/master/output_images/images/3c9a53ea-be1d-4421-a631-450c4263e07a-original.jpeg,https://raw.githubusercontent.com/Mehdi1704/image-host/master/output_images/depth/3c9a53ea-be1d-4421-a631-450c4263e07a-original.png,https://raw.githubusercontent.com/Mehdi1704/image-host/master/output_images/normals/3c9a53ea-be1d-4421-a631-450c4263e07a-original.png
3d2544a5-ac3b-4aeb-895a-a9fb413ec0ed-original,https://raw.githubusercontent.com/Mehdi1704/image-host/master/output_images/images/3d2544a5-ac3b-4aeb-895a-a9fb413ec0ed-original.jpeg,https://raw.githubusercontent.com/Mehdi1704/image-host/master/output_images/depth/3d2544a5-ac3b-4aeb-895a-a9fb413ec0ed-original.png,https://raw.githubusercontent.com/Mehdi1704/image-host/master/output_images/normals/3d2544a5-ac3b-4aeb-895a-a9fb413ec0ed-original.png
44dced6c-1e38-4273-850f-0c8ac1916cdf-original,https://raw.githubusercontent.com/Mehdi1704/image-host/master/output_images/images/44dced6c-1e38-4273-850f-0c8ac1916cdf-original.jpeg,https://raw.githubusercontent.com/Mehdi1704/image-host/master/output_images/depth/44dced6c-1e38-4273-850f-0c8ac1916cdf-original.png,https://raw.githubusercontent.com/Mehdi1704/image-host/master/output_images/normals/44dced6c-1e38-4273-850f-0c8ac1916cdf-original.png
4e021399-8a90-44fe-b06c-0955cd2280f7-original,https://raw.githubusercontent.com/Mehdi1704/image-host/master/output_images/images/4e021399-8a90-44fe-b06c-0955cd2280f7-original.jpeg,https://raw.githubusercontent.com/Mehdi1704/image-host/master/output_images/depth/4e021399-8a90-44fe-b06c-0955cd2280f7-original.png,https://raw.githubusercontent.com/Mehdi1704/image-host/master/output_images/normals/4e021399-8a90-44fe-b06c-0955cd2280f7-original.png
4e021399-8a90-44fe-b06c-0955cd2280f7-original(1),https://raw.githubusercontent.com/Mehdi1704/image-host/master/output_images/images/4e021399-8a90-44fe-b06c-0955cd2280f7-original%281%29.jpeg,https://raw.githubusercontent.com/Mehdi1704/image-host/master/output_images/depth/4e021399-8a90-44fe-b06c-0955cd2280f7-original%281%29.png,https://raw.githubusercontent.com/Mehdi1704/image-host/master/output_images/normals/4e021399-8a90-44fe-b06c-0955cd2280f7-original%281%29.png
4f96d4f3-ccf5-48a1-bc78-4d09451b3545-original,https://raw.githubusercontent.com/Mehdi1704/image-host/master/output_images/images/4f96d4f3-ccf5-48a1-bc78-4d09451b3545-original.jpeg,https://raw.githubusercontent.com/Mehdi1704/image-host/master/output_images/depth/4f96d4f3-ccf5-48a1-bc78-4d09451b3545-original.png,https://raw.githubusercontent.com/Mehdi1704/image-host/master/output_images/normals/4f96d4f3-ccf5-48a1-bc78-4d09451b3545-original.png
4fe03558-4faa-4adc-ba0f-8738862c7f38-original,https://raw.githubusercontent.com/Mehdi1704/image-host/master/output_images/images/4fe03558-4faa-4adc-ba0f-8738862c7f38-original.jpeg,https://raw.githubusercontent.com/Mehdi1704/image-host/master/output_images/depth/4fe03558-4faa-4adc-ba0f-8738862c7f38-original.png,https://raw.githubusercontent.com/Mehdi1704/image-host/master/output_images/normals/4fe03558-4faa-4adc-ba0f-8738862c7f38-original.png
5495e975-cddc-4f5d-b496-a3e51d50cf86-original,https://raw.githubusercontent.com/Mehdi1704/image-host/master/output_images/images/5495e975-cddc-4f5d-b496-a3e51d50cf86-original.jpeg,https://raw.githubusercontent.com/Mehdi1704/image-host/master/output_images/depth/5495e975-cddc-4f5d-b496-a3e51d50cf86-original.png,https://raw.githubusercontent.com/Mehdi1704/image-host/master/output_images/normals/5495e975-cddc-4f5d-b496-a3e51d50cf86-original.png
54ee4857-524c-436a-a31b-a1013669f8c1-original,https://raw.githubusercontent.com/Mehdi1704/image-host/master/output_images/images/54ee4857-524c-436a-a31b-a1013669f8c1-original.jpeg,https://raw.githubusercontent.com/Mehdi1704/image-host/master/output_images/depth/54ee4857-524c-436a-a31b-a1013669f8c1-original.png,https://raw.githubusercontent.com/Mehdi1704/image-host/master/output_images/normals/54ee4857-524c-436a-a31b-a1013669f8c1-original.png
560d1e28-3692-4e4d-bdaf-3abb5f44be7a-original,https://raw.githubusercontent.com/Mehdi1704/image-host/master/output_images/images/560d1e28-3692-4e4d-bdaf-3abb5f44be7a-original.jpeg,https://raw.githubusercontent.com/Mehdi1704/image-host/master/output_images/depth/560d1e28-3692-4e4d-bdaf-3abb5f44be7a-original.png,https://raw.githubusercontent.com/Mehdi1704/image-host/master/output_images/normals/560d1e28-3692-4e4d-bdaf-3abb5f44be7a-original.png
5b8a0853-ecc4-4015-bc9a-2b50766f873a-original,https://raw.githubusercontent.com/Mehdi1704/image-host/master/output_images/images/5b8a0853-ecc4-4015-bc9a-2b50766f873a-original.jpeg,https://raw.githubusercontent.com/Mehdi1704/image-host/master/output_images/depth/5b8a0853-ecc4-4015-bc9a-2b50766f873a-original.png,https://raw.githubusercontent.com/Mehdi1704/image-host/master/output_images/normals/5b8a0853-ecc4-4015-bc9a-2b50766f873a-original.png
603ab0c1-fb02-43f7-be06-38103f12b019-original,https://raw.githubusercontent.com/Mehdi1704/image-host/master/output_images/images/603ab0c1-fb02-43f7-be06-38103f12b019-original.jpeg,https://raw.githubusercontent.com/Mehdi1704/image-host/master/output_images/depth/603ab0c1-fb02-43f7-be06-38103f12b019-original.png,https://raw.githubusercontent.com/Mehdi1704/image-host/master/output_images/normals/603ab0c1-fb02-43f7-be06-38103f12b019-original.png
646f5334-c657-45b0-ba14-e96a0128116a-original,https://raw.githubusercontent.com/Mehdi1704/image-host/master/output_images/images/646f5334-c657-45b0-ba14-e96a0128116a-original.jpeg,https://raw.githubusercontent.com/Mehdi1704/image-host/master/output_images/depth/646f5334-c657-45b0-ba14-e96a0128116a-original.png,https://raw.githubusercontent.com/Mehdi1704/image-host/master/output_images/normals/646f5334-c657-45b0-ba14-e96a0128116a-original.png
66eb357e-01df-484a-a659-067d685251c5-original,https://raw.githubusercontent.com/Mehdi1704/image-host/master/output_images/images/66eb357e-01df-484a-a659-067d685251c5-original.jpeg,https://raw.githubusercontent.com/Mehdi1704/image-host/master/output_images/depth/66eb357e-01df-484a-a659-067d685251c5-original.png,https://raw.githubusercontent.com/Mehdi1704/image-host/master/output_images/normals/66eb357e-01df-484a-a659-067d685251c5-original.png
69327bb9-2361-4486-bea2-300691e60d0a-original,https://raw.githubusercontent.com/Mehdi1704/image-host/master/output_images/images/69327bb9-2361-4486-bea2-300691e60d0a-original.jpeg,https://raw.githubusercontent.com/Mehdi1704/image-host/master/output_images/depth/69327bb9-2361-4486-bea2-300691e60d0a-original.png,https://raw.githubusercontent.com/Mehdi1704/image-host/master/output_images/normals/69327bb9-2361-4486-bea2-300691e60d0a-original.png
6b1cc73c-e22b-4132-970e-e37910b8b407-original,https://raw.githubusercontent.com/Mehdi1704/image-host/master/output_images/images/6b1cc73c-e22b-4132-970e-e37910b8b407-original.jpeg,https://raw.githubusercontent.com/Mehdi1704/image-host/master/output_images/depth/6b1cc73c-e22b-4132-970e-e37910b8b407-original.png,https://raw.githubusercontent.com/Mehdi1704/image-host/master/output_images/normals/6b1cc73c-e22b-4132-970e-e37910b8b407-original.png
6b584efc-e8bb-46a4-8a19-5e1cc53e7527-original,https://raw.githubusercontent.com/Mehdi1704/image-host/master/output_images/images/6b584efc-e8bb-46a4-8a19-5e1cc53e7527-original.jpeg,https://raw.githubusercontent.com/Mehdi1704/image-host/master/output_images/depth/6b584efc-e8bb-46a4-8a19-5e1cc53e7527-original.png,https://raw.githubusercontent.com/Mehdi1704/image-host/master/output_images/normals/6b584efc-e8bb-46a4-8a19-5e1cc53e7527-original.png
6b91ac4b-1f0f-4176-bf40-a12a6cd892e2-original,https://raw.githubusercontent.com/Mehdi1704/image-host/master/output_images/images/6b91ac4b-1f0f-4176-bf40-a12a6cd892e2-original.jpeg,https://raw.githubusercontent.com/Mehdi1704/image-host/master/output_images/depth/6b91ac4b-1f0f-4176-bf40-a12a6cd892e2-original.png,https://raw.githubusercontent.com/Mehdi1704/image-host/master/output_images/normals/6b91ac4b-1f0f-4176-bf40-a12a6cd892e2-original.png
7004d086-abf6-4e9f-a945-0d22f3a60a84-original,https://raw.githubusercontent.com/Mehdi1704/image-host/master/output_images/images/7004d086-abf6-4e9f-a945-0d22f3a60a84-original.jpeg,https://raw.githubusercontent.com/Mehdi1704/image-host/master/output_images/depth/7004d086-abf6-4e9f-a945-0d22f3a60a84-original.png,https://raw.githubusercontent.com/Mehdi1704/image-host/master/output_images/normals/7004d086-abf6-4e9f-a945-0d22f3a60a84-original.png
712f4686-2c54-47d3-a8f2-811e15f6e76b-original,https://raw.githubusercontent.com/Mehdi1704/image-host/master/output_images/images/712f4686-2c54-47d3-a8f2-811e15f6e76b-original.jpeg,https://raw.githubusercontent.com/Mehdi1704/image-host/master/output_images/depth/712f4686-2c54-47d3-a8f2-811e15f6e76b-original.png,https://raw.githubusercontent.com/Mehdi1704/image-host/master/output_images/normals/712f4686-2c54-47d3-a8f2-811e15f6e76b-original.png
7bd6e67d-b1ca-42e4-a5ca-713b7fadda27-original,https://raw.githubusercontent.com/Mehdi1704/image-host/master/output_images/images/7bd6e67d-b1ca-42e4-a5ca-713b7fadda27-original.jpeg,https://raw.githubusercontent.com/Mehdi1704/image-host/master/output_images/depth/7bd6e67d-b1ca-42e4-a5ca-713b7fadda27-original.png,https://raw.githubusercontent.com/Mehdi1704/image-host/master/output_images/normals/7bd6e67d-b1ca-42e4-a5ca-713b7fadda27-original.png
7e81c5ce-4e03-49fb-93d4-0aca33571c65-original,https://raw.githubusercontent.com/Mehdi1704/image-host/master/output_images/images/7e81c5ce-4e03-49fb-93d4-0aca33571c65-original.jpeg,https://raw.githubusercontent.com/Mehdi1704/image-host/master/output_images/depth/7e81c5ce-4e03-49fb-93d4-0aca33571c65-original.png,https://raw.githubusercontent.com/Mehdi1704/image-host/master/output_images/normals/7e81c5ce-4e03-49fb-93d4-0aca33571c65-original.png
7e81c5ce-4e03-49fb-93d4-0aca33571c65-original(1),https://raw.githubusercontent.com/Mehdi1704/image-host/master/output_images/images/7e81c5ce-4e03-49fb-93d4-0aca33571c65-original%281%29.jpeg,https://raw.githubusercontent.com/Mehdi1704/image-host/master/output_images/depth/7e81c5ce-4e03-49fb-93d4-0aca33571c65-original%281%29.png,https://raw.githubusercontent.com/Mehdi1704/image-host/master/output_images/normals/7e81c5ce-4e03-49fb-93d4-0aca33571c65-original%281%29.png
7f4eeb93-0192-4be4-a9fe-ae6803bb1441-original,https://raw.githubusercontent.com/Mehdi1704/image-host/master/output_images/images/7f4eeb93-0192-4be4-a9fe-ae6803bb1441-original.jpeg,https://raw.githubusercontent.com/Mehdi1704/image-host/master/output_images/depth/7f4eeb93-0192-4be4-a9fe-ae6803bb1441-original.png,https://raw.githubusercontent.com/Mehdi1704/image-host/master/output_images/normals/7f4eeb93-0192-4be4-a9fe-ae6803bb1441-original.png
82b53493-1c97-472b-9ec6-8cc698b8cfe4-original,https://raw.githubusercontent.com/Mehdi1704/image-host/master/output_images/images/82b53493-1c97-472b-9ec6-8cc698b8cfe4-original.jpeg,https://raw.githubusercontent.com/Mehdi1704/image-host/master/output_images/depth/82b53493-1c97-472b-9ec6-8cc698b8cfe4-original.png,https://raw.githubusercontent.com/Mehdi1704/image-host/master/output_images/normals/82b53493-1c97-472b-9ec6-8cc698b8cfe4-original.png
885c0212-0193-4a37-b6a9-a1dab36f03c5-original,https://raw.githubusercontent.com/Mehdi1704/image-host/master/output_images/images/885c0212-0193-4a37-b6a9-a1dab36f03c5-original.jpeg,https://raw.githubusercontent.com/Mehdi1704/image-host/master/output_images/depth/885c0212-0193-4a37-b6a9-a1dab36f03c5-original.png,https://raw.githubusercontent.com/Mehdi1704/image-host/master/output_images/normals/885c0212-0193-4a37-b6a9-a1dab36f03c5-original.png
8a56b91d-8126-42ef-8395-9d7084cc4b44-original,https://raw.githubusercontent.com/Mehdi1704/image-host/master/output_images/images/8a56b91d-8126-42ef-8395-9d7084cc4b44-original.jpeg,https://raw.githubusercontent.com/Mehdi1704/image-host/master/output_images/depth/8a56b91d-8126-42ef-8395-9d7084cc4b44-original.png,https://raw.githubusercontent.com/Mehdi1704/image-host/master/output_images/normals/8a56b91d-8126-42ef-8395-9d7084cc4b44-original.png
8bfe28c5-50fd-4c8b-b169-254186b0524b-original,https://raw.githubusercontent.com/Mehdi1704/image-host/master/output_images/images/8bfe28c5-50fd-4c8b-b169-254186b0524b-original.jpeg,https://raw.githubusercontent.com/Mehdi1704/image-host/master/output_images/depth/8bfe28c5-50fd-4c8b-b169-254186b0524b-original.png,https://raw.githubusercontent.com/Mehdi1704/image-host/master/output_images/normals/8bfe28c5-50fd-4c8b-b169-254186b0524b-original.png
8de465e6-eb71-4c8f-8cdb-f587e9c8bef8-original,https://raw.githubusercontent.com/Mehdi1704/image-host/master/output_images/images/8de465e6-eb71-4c8f-8cdb-f587e9c8bef8-original.jpeg,https://raw.githubusercontent.com/Mehdi1704/image-host/master/output_images/depth/8de465e6-eb71-4c8f-8cdb-f587e9c8bef8-original.png,https://raw.githubusercontent.com/Mehdi1704/image-host/master/output_images/normals/8de465e6-eb71-4c8f-8cdb-f587e9c8bef8-original.png
8e2ab1f4-8271-4112-8c2f-f399d360b591-original,https://raw.githubusercontent.com/Mehdi1704/image-host/master/output_images/images/8e2ab1f4-8271-4112-8c2f-f399d360b591-original.jpeg,https://raw.githubusercontent.com/Mehdi1704/image-host/master/output_images/depth/8e2ab1f4-8271-4112-8c2f-f399d360b591-original.png,https://raw.githubusercontent.com/Mehdi1704/image-host/master/output_images/normals/8e2ab1f4-8271-4112-8c2f-f399d360b591-original.png
8e36de78-7564-4fa9-ad72-9b970af50b78-original,https://raw.githubusercontent.com/Mehdi1704/image-host/master/output_images/images/8e36de78-7564-4fa9-ad72-9b970af50b78-original.jpeg,https://raw.githubusercontent.com/Mehdi1704/image-host/master/output_images/depth/8e36de78-7564-4fa9-ad72-9b970af50b78-original.png,https://raw.githubusercontent.com/Mehdi1704/image-host/master/output_images/normals/8e36de78-7564-4fa9-ad72-9b970af50b78-original.png
94d47a3d-d621-4678-8108-0e196b8af271-original,https://raw.githubusercontent.com/Mehdi1704/image-host/master/output_images/images/94d47a3d-d621-4678-8108-0e196b8af271-original.jpeg,https://raw.githubusercontent.com/Mehdi1704/image-host/master/output_images/depth/94d47a3d-d621-4678-8108-0e196b8af271-original.png,https://raw.githubusercontent.com/Mehdi1704/image-host/master/output_images/normals/94d47a3d-d621-4678-8108-0e196b8af271-original.png
957d68a9-f6f0-4c22-9da8-5d4457f515e5-original,https://raw.githubusercontent.com/Mehdi1704/image-host/master/output_images/images/957d68a9-f6f0-4c22-9da8-5d4457f515e5-original.jpeg,https://raw.githubusercontent.com/Mehdi1704/image-host/master/output_images/depth/957d68a9-f6f0-4c22-9da8-5d4457f515e5-original.png,https://raw.githubusercontent.com/Mehdi1704/image-host/master/output_images/normals/957d68a9-f6f0-4c22-9da8-5d4457f515e5-original.png
9909ddbe-3881-4bba-9d91-aa2a002a7bb7-original,https://raw.githubusercontent.com/Mehdi1704/image-host/master/output_images/images/9909ddbe-3881-4bba-9d91-aa2a002a7bb7-original.jpeg,https://raw.githubusercontent.com/Mehdi1704/image-host/master/output_images/depth/9909ddbe-3881-4bba-9d91-aa2a002a7bb7-original.png,https://raw.githubusercontent.com/Mehdi1704/image-host/master/output_images/normals/9909ddbe-3881-4bba-9d91-aa2a002a7bb7-original.png
9f3cc64b-7ef7-4fff-b125-8e011b8ffb93-original,https://raw.githubusercontent.com/Mehdi1704/image-host/master/output_images/images/9f3cc64b-7ef7-4fff-b125-8e011b8ffb93-original.jpeg,https://raw.githubusercontent.com/Mehdi1704/image-host/master/output_images/depth/9f3cc64b-7ef7-4fff-b125-8e011b8ffb93-original.png,https://raw.githubusercontent.com/Mehdi1704/image-host/master/output_images/normals/9f3cc64b-7ef7-4fff-b125-8e011b8ffb93-original.png
a11463a4-ab51-4b83-a55f-d4edfb527b13-original,https://raw.githubusercontent.com/Mehdi1704/image-host/master/output_images/images/a11463a4-ab51-4b83-a55f-d4edfb527b13-original.jpeg,https://raw.githubusercontent.com/Mehdi1704/image-host/master/output_images/depth/a11463a4-ab51-4b83-a55f-d4edfb527b13-original.png,https://raw.githubusercontent.com/Mehdi1704/image-host/master/output_images/normals/a11463a4-ab51-4b83-a55f-d4edfb527b13-original.png
a2817797-57d1-4c81-9361-842a43ba541f-original,https://raw.githubusercontent.com/Mehdi1704/image-host/master/output_images/images/a2817797-57d1-4c81-9361-842a43ba541f-original.jpeg,https://raw.githubusercontent.com/Mehdi1704/image-host/master/output_images/depth/a2817797-57d1-4c81-9361-842a43ba541f-original.png,https://raw.githubusercontent.com/Mehdi1704/image-host/master/output_images/normals/a2817797-57d1-4c81-9361-842a43ba541f-original.png
a2d48966-aa71-4479-8b0f-d28dbf8ffab6-original,https://raw.githubusercontent.com/Mehdi1704/image-host/master/output_images/images/a2d48966-aa71-4479-8b0f-d28dbf8ffab6-original.jpeg,https://raw.githubusercontent.com/Mehdi1704/image-host/master/output_images/depth/a2d48966-aa71-4479-8b0f-d28dbf8ffab6-original.png,https://raw.githubusercontent.com/Mehdi1704/image-host/master/output_images/normals/a2d48966-aa71-4479-8b0f-d28dbf8ffab6-original.png
a35f3211-3b33-4826-97b8-3af69655dada-original,https://raw.githubusercontent.com/Mehdi1704/image-host/master/output_images/images/a35f3211-3b33-4826-97b8-3af69655dada-original.jpeg,https://raw.githubusercontent.com/Mehdi1704/image-host/master/output_images/depth/a35f3211-3b33-4826-97b8-3af69655dada-original.png,https://raw.githubusercontent.com/Mehdi1704/image-host/master/output_images/normals/a35f3211-3b33-4826-97b8-3af69655dada-original.png
aa859e5b-563f-472c-9914-036722ebf60e-original,https://raw.githubusercontent.com/Mehdi1704/image-host/master/output_images/images/aa859e5b-563f-472c-9914-036722ebf60e-original.jpeg,https://raw.githubusercontent.com/Mehdi1704/image-host/master/output_images/depth/aa859e5b-563f-472c-9914-036722ebf60e-original.png,https://raw.githubusercontent.com/Mehdi1704/image-host/master/output_images/normals/aa859e5b-563f-472c-9914-036722ebf60e-original.png
aba4b4e9-dcb4-47cc-b113-116786ec97b1-original,https://raw.githubusercontent.com/Mehdi1704/image-host/master/output_images/images/aba4b4e9-dcb4-47cc-b113-116786ec97b1-original.jpeg,https://raw.githubusercontent.com/Mehdi1704/image-host/master/output_images/depth/aba4b4e9-dcb4-47cc-b113-116786ec97b1-original.png,https://raw.githubusercontent.com/Mehdi1704/image-host/master/output_images/normals/aba4b4e9-dcb4-47cc-b113-116786ec97b1-original.png
af556f5b-dc95-48cc-b14f-8726a04c2529-original,https://raw.githubusercontent.com/Mehdi1704/image-host/master/output_images/images/af556f5b-dc95-48cc-b14f-8726a04c2529-original.jpeg,https://raw.githubusercontent.com/Mehdi1704/image-host/master/output_images/depth/af556f5b-dc95-48cc-b14f-8726a04c2529-original.png,https://raw.githubusercontent.com/Mehdi1704/image-host/master/output_images/normals/af556f5b-dc95-48cc-b14f-8726a04c2529-original.png
b24759a6-90ea-4f9e-a1ad-d52af234de62-original,https://raw.githubusercontent.com/Mehdi1704/image-host/master/output_images/images/b24759a6-90ea-4f9e-a1ad-d52af234de62-original.jpeg,https://raw.githubusercontent.com/Mehdi1704/image-host/master/output_images/depth/b24759a6-90ea-4f9e-a1ad-d52af234de62-original.png,https://raw.githubusercontent.com/Mehdi1704/image-host/master/output_images/normals/b24759a6-90ea-4f9e-a1ad-d52af234de62-original.png
b5400739-21a8-476b-b27b-706d3428b891-original,https://raw.githubusercontent.com/Mehdi1704/image-host/master/output_images/images/b5400739-21a8-476b-b27b-706d3428b891-original.jpeg,https://raw.githubusercontent.com/Mehdi1704/image-host/master/output_images/depth/b5400739-21a8-476b-b27b-706d3428b891-original.png,https://raw.githubusercontent.com/Mehdi1704/image-host/master/output_images/normals/b5400739-21a8-476b-b27b-706d3428b891-original.png
b61491ce-fa4b-4eb0-a05a-f0ff122e16f7-original,https://raw.githubusercontent.com/Mehdi1704/image-host/master/output_images/images/b61491ce-fa4b-4eb0-a05a-f0ff122e16f7-original.jpeg,https://raw.githubusercontent.com/Mehdi1704/image-host/master/output_images/depth/b61491ce-fa4b-4eb0-a05a-f0ff122e16f7-original.png,https://raw.githubusercontent.com/Mehdi1704/image-host/master/output_images/normals/b61491ce-fa4b-4eb0-a05a-f0ff122e16f7-original.png
bb18e23e-6449-46ba-a82b-2f630af251aa-original,https://raw.githubusercontent.com/Mehdi1704/image-host/master/output_images/images/bb18e23e-6449-46ba-a82b-2f630af251aa-original.jpeg,https://raw.githubusercontent.com/Mehdi1704/image-host/master/output_images/depth/bb18e23e-6449-46ba-a82b-2f630af251aa-original.png,https://raw.githubusercontent.com/Mehdi1704/image-host/master/output_images/normals/bb18e23e-6449-46ba-a82b-2f630af251aa-original.png
bb3c4df3-02a6-4c3c-ba00-f82398617f07-original,https://raw.githubusercontent.com/Mehdi1704/image-host/master/output_images/images/bb3c4df3-02a6-4c3c-ba00-f82398617f07-original.jpeg,https://raw.githubusercontent.com/Mehdi1704/image-host/master/output_images/depth/bb3c4df3-02a6-4c3c-ba00-f82398617f07-original.png,https://raw.githubusercontent.com/Mehdi1704/image-host/master/output_images/normals/bb3c4df3-02a6-4c3c-ba00-f82398617f07-original.png
c0fb0561-9aaf-42ef-b18e-2677b0c8f7d7-original,https://raw.githubusercontent.com/Mehdi1704/image-host/master/output_images/images/c0fb0561-9aaf-42ef-b18e-2677b0c8f7d7-original.jpeg,https://raw.githubusercontent.com/Mehdi1704/image-host/master/output_images/depth/c0fb0561-9aaf-42ef-b18e-2677b0c8f7d7-original.png,https://raw.githubusercontent.com/Mehdi1704/image-host/master/output_images/normals/c0fb0561-9aaf-42ef-b18e-2677b0c8f7d7-original.png
c31013e3-9c81-4ba6-b85b-e3c45b062457-original,https://raw.githubusercontent.com/Mehdi1704/image-host/master/output_images/images/c31013e3-9c81-4ba6-b85b-e3c45b062457-original.jpeg,https://raw.githubusercontent.com/Mehdi1704/image-host/master/output_images/depth/c31013e3-9c81-4ba6-b85b-e3c45b062457-original.png,https://raw.githubusercontent.com/Mehdi1704/image-host/master/output_images/normals/c31013e3-9c81-4ba6-b85b-e3c45b062457-original.png
c34091b7-c42f-4e93-ae39-bb28aa3b7819-original,https://raw.githubusercontent.com/Mehdi1704/image-host/master/output_images/images/c34091b7-c42f-4e93-ae39-bb28aa3b7819-original.jpeg,https://raw.githubusercontent.com/Mehdi1704/image-host/master/output_images/depth/c34091b7-c42f-4e93-ae39-bb28aa3b7819-original.png,https://raw.githubusercontent.com/Mehdi1704/image-host/master/output_images/normals/c34091b7-c42f-4e93-ae39-bb28aa3b7819-original.png
c476a6d0-acb2-45fd-b168-84822bc98003-original,https://raw.githubusercontent.com/Mehdi1704/image-host/master/output_images/images/c476a6d0-acb2-45fd-b168-84822bc98003-original.jpeg,https://raw.githubusercontent.com/Mehdi1704/image-host/master/output_images/depth/c476a6d0-acb2-45fd-b168-84822bc98003-original.png,https://raw.githubusercontent.com/Mehdi1704/image-host/master/output_images/normals/c476a6d0-acb2-45fd-b168-84822bc98003-original.png
c4d2e0f7-71f7-4e23-bc37-43a0aff738da-original,https://raw.githubusercontent.com/Mehdi1704/image-host/master/output_images/images/c4d2e0f7-71f7-4e23-bc37-43a0aff738da-original.jpeg,https://raw.githubusercontent.com/Mehdi1704/image-host/master/output_images/depth/c4d2e0f7-71f7-4e23-bc37-43a0aff738da-original.png,https://raw.githubusercontent.com/Mehdi1704/image-host/master/output_images/normals/c4d2e0f7-71f7-4e23-bc37-43a0aff738da-original.png
c9125670-8a67-4884-9958-ce18c6ccbe72-original,https://raw.githubusercontent.com/Mehdi1704/image-host/master/output_images/images/c9125670-8a67-4884-9958-ce18c6ccbe72-original.jpeg,https://raw.githubusercontent.com/Mehdi1704/image-host/master/output_images/depth/c9125670-8a67-4884-9958-ce18c6ccbe72-original.png,https://raw.githubusercontent.com/Mehdi1704/image-host/master/output_images/normals/c9125670-8a67-4884-9958-ce18c6ccbe72-original.png
c9826c1c-42e1-4363-9dcc-cf68d7642c4e-original,https://raw.githubusercontent.com/Mehdi1704/image-host/master/output_images/images/c9826c1c-42e1-4363-9dcc-cf68d7642c4e-original.jpeg,https://raw.githubusercontent.com/Mehdi1704/image-host/master/output_images/depth/c9826c1c-42e1-4363-9dcc-cf68d7642c4e-original.png,https://raw.githubusercontent.com/Mehdi1704/image-host/master/output_images/normals/c9826c1c-42e1-4363-9dcc-cf68d7642c4e-original.png
caf038e8-cc51-41c3-ae34-63959a1e6ad6-original,https://raw.githubusercontent.com/Mehdi1704/image-host/master/output_images/images/caf038e8-cc51-41c3-ae34-63959a1e6ad6-original.jpeg,https://raw.githubusercontent.com/Mehdi1704/image-host/master/output_images/depth/caf038e8-cc51-41c3-ae34-63959a1e6ad6-original.png,https://raw.githubusercontent.com/Mehdi1704/image-host/master/output_images/normals/caf038e8-cc51-41c3-ae34-63959a1e6ad6-original.png
d50294a6-302a-456b-a1e1-1d7ecf04f774-original,https://raw.githubusercontent.com/Mehdi1704/image-host/master/output_images/images/d50294a6-302a-456b-a1e1-1d7ecf04f774-original.jpeg,https://raw.githubusercontent.com/Mehdi1704/image-host/master/output_images/depth/d50294a6-302a-456b-a1e1-1d7ecf04f774-original.png,https://raw.githubusercontent.com/Mehdi1704/image-host/master/output_images/normals/d50294a6-302a-456b-a1e1-1d7ecf04f774-original.png
d63b62f3-43ca-4eb2-be80-078d52a3125b-original,https://raw.githubusercontent.com/Mehdi1704/image-host/master/output_images/images/d63b62f3-43ca-4eb2-be80-078d52a3125b-original.jpeg,https://raw.githubusercontent.com/Mehdi1704/image-host/master/output_images/depth/d63b62f3-43ca-4eb2-be80-078d52a3125b-original.png,https://raw.githubusercontent.com/Mehdi1704/image-host/master/output_images/normals/d63b62f3-43ca-4eb2-be80-078d52a3125b-original.png
d86d97c2-239e-4450-bb38-634295189ed8-original,https://raw.githubusercontent.com/Mehdi1704/image-host/master/output_images/images/d86d97c2-239e-4450-bb38-634295189ed8-original.jpeg,https://raw.githubusercontent.com/Mehdi1704/image-host/master/output_images/depth/d86d97c2-239e-4450-bb38-634295189ed8-original.png,https://raw.githubusercontent.com/Mehdi1704/image-host/master/output_images/normals/d86d97c2-239e-4450-bb38-634295189ed8-original.png
d936efff-6fc8-4d66-8681-db5d7fd4f9c4-original,https://raw.githubusercontent.com/Mehdi1704/image-host/master/output_images/images/d936efff-6fc8-4d66-8681-db5d7fd4f9c4-original.jpeg,https://raw.githubusercontent.com/Mehdi1704/image-host/master/output_images/depth/d936efff-6fc8-4d66-8681-db5d7fd4f9c4-original.png,https://raw.githubusercontent.com/Mehdi1704/image-host/master/output_images/normals/d936efff-6fc8-4d66-8681-db5d7fd4f9c4-original.png
ddb88e9f-bf1c-4010-9d5a-1181e9cbe810-original,https://raw.githubusercontent.com/Mehdi1704/image-host/master/output_images/images/ddb88e9f-bf1c-4010-9d5a-1181e9cbe810-original.jpeg,https://raw.githubusercontent.com/Mehdi1704/image-host/master/output_images/depth/ddb88e9f-bf1c-4010-9d5a-1181e9cbe810-original.png,https://raw.githubusercontent.com/Mehdi1704/image-host/master/output_images/normals/ddb88e9f-bf1c-4010-9d5a-1181e9cbe810-original.png
e0c92380-fc15-4bbe-90fb-cc2936321050-original,https://raw.githubusercontent.com/Mehdi1704/image-host/master/output_images/images/e0c92380-fc15-4bbe-90fb-cc2936321050-original.jpeg,https://raw.githubusercontent.com/Mehdi1704/image-host/master/output_images/depth/e0c92380-fc15-4bbe-90fb-cc2936321050-original.png,https://raw.githubusercontent.com/Mehdi1704/image-host/master/output_images/normals/e0c92380-fc15-4bbe-90fb-cc2936321050-original.png
e3bda09e-e437-4ac8-bfbf-4f282e801bfc-original,https://raw.githubusercontent.com/Mehdi1704/image-host/master/output_images/images/e3bda09e-e437-4ac8-bfbf-4f282e801bfc-original.jpeg,https://raw.githubusercontent.com/Mehdi1704/image-host/master/output_images/depth/e3bda09e-e437-4ac8-bfbf-4f282e801bfc-original.png,https://raw.githubusercontent.com/Mehdi1704/image-host/master/output_images/normals/e3bda09e-e437-4ac8-bfbf-4f282e801bfc-original.png
e3dd97fc-f060-4191-b7c5-c7c2100b5e6e-original,https://raw.githubusercontent.com/Mehdi1704/image-host/master/output_images/images/e3dd97fc-f060-4191-b7c5-c7c2100b5e6e-original.jpeg,https://raw.githubusercontent.com/Mehdi1704/image-host/master/output_images/depth/e3dd97fc-f060-4191-b7c5-c7c2100b5e6e-original.png,https://raw.githubusercontent.com/Mehdi1704/image-host/master/output_images/normals/e3dd97fc-f060-4191-b7c5-c7c2100b5e6e-original.png
e70834e6-948f-4497-a162-e7f604b1b041-original,https://raw.githubusercontent.com/Mehdi1704/image-host/master/output_images/images/e70834e6-948f-4497-a162-e7f604b1b041-original.jpeg,https://raw.githubusercontent.com/Mehdi1704/image-host/master/output_images/depth/e70834e6-948f-4497-a162-e7f604b1b041-original.png,https://raw.githubusercontent.com/Mehdi1704/image-host/master/output_images/normals/e70834e6-948f-4497-a162-e7f604b1b041-original.png
e8191111-7552-4e0d-b825-6c302f46e18e-original,https://raw.githubusercontent.com/Mehdi1704/image-host/master/output_images/images/e8191111-7552-4e0d-b825-6c302f46e18e-original.jpeg,https://raw.githubusercontent.com/Mehdi1704/image-host/master/output_images/depth/e8191111-7552-4e0d-b825-6c302f46e18e-original.png,https://raw.githubusercontent.com/Mehdi1704/image-host/master/output_images/normals/e8191111-7552-4e0d-b825-6c302f46e18e-original.png
e91d6cd3-288e-4e1b-8f24-a92850e02b54-original,https://raw.githubusercontent.com/Mehdi1704/image-host/master/output_images/images/e91d6cd3-288e-4e1b-8f24-a92850e02b54-original.jpeg,https://raw.githubusercontent.com/Mehdi1704/image-host/master/output_images/depth/e91d6cd3-288e-4e1b-8f24-a92850e02b54-original.png,https://raw.githubusercontent.com/Mehdi1704/image-host/master/output_images/normals/e91d6cd3-288e-4e1b-8f24-a92850e02b54-original.png
ec6d03db-ac9d-4ca2-92e1-96ab989361cb-original,https://raw.githubusercontent.com/Mehdi1704/image-host/master/output_images/images/ec6d03db-ac9d-4ca2-92e1-96ab989361cb-original.jpeg,https://raw.githubusercontent.com/Mehdi1704/image-host/master/output_images/depth/ec6d03db-ac9d-4ca2-92e1-96ab989361cb-original.png,https://raw.githubusercontent.com/Mehdi1704/image-host/master/output_images/normals/ec6d03db-ac9d-4ca2-92e1-96ab989361cb-original.png
f1bf70fa-8661-4cd9-a955-6f547aabe41b-original,https://raw.githubusercontent.com/Mehdi1704/image-host/master/output_images/images/f1bf70fa-8661-4cd9-a955-6f547aabe41b-original.jpeg,https://raw.githubusercontent.com/Mehdi1704/image-host/master/output_images/depth/f1bf70fa-8661-4cd9-a955-6f547aabe41b-original.png,https://raw.githubusercontent.com/Mehdi1704/image-host/master/output_images/normals/f1bf70fa-8661-4cd9-a955-6f547aabe41b-original.png
f490015b-1246-4f64-b1f7-b1f486e3fe67-original,https://raw.githubusercontent.com/Mehdi1704/image-host/master/output_images/images/f490015b-1246-4f64-b1f7-b1f486e3fe67-original.jpeg,https://raw.githubusercontent.com/Mehdi1704/image-host/master/output_images/depth/f490015b-1246-4f64-b1f7-b1f486e3fe67-original.png,https://raw.githubusercontent.com/Mehdi1704/image-host/master/output_images/normals/f490015b-1246-4f64-b1f7-b1f486e3fe67-original.png
f697ce48-4742-4e58-a44b-67e563c6653a-original,https://raw.githubusercontent.com/Mehdi1704/image-host/master/output_images/images/f697ce48-4742-4e58-a44b-67e563c6653a-original.jpeg,https://raw.githubusercontent.com/Mehdi1704/image-host/master/output_images/depth/f697ce48-4742-4e58-a44b-67e563c6653a-original.png,https://raw.githubusercontent.com/Mehdi1704/image-host/master/output_images/normals/f697ce48-4742-4e58-a44b-67e563c6653a-original.png
f94214a5-4359-4dcf-8967-f5529d47f44a-original,https://raw.githubusercontent.com/Mehdi1704/image-host/master/output_images/images/f94214a5-4359-4dcf-8967-f5529d47f44a-original.jpeg,https://raw.githubusercontent.com/Mehdi1704/image-host/master/output_images/depth/f94214a5-4359-4dcf-8967-f5529d47f44a-original.png,https://raw.githubusercontent.com/Mehdi1704/image-host/master/output_images/normals/f94214a5-4359-4dcf-8967-f5529d47f44a-original.png
fab584a3-42d9-4217-a493-ec0d71878e56-original,https://raw.githubusercontent.com/Mehdi1704/image-host/master/output_images/images/fab584a3-42d9-4217-a493-ec0d71878e56-original.jpeg,https://raw.githubusercontent.com/Mehdi1704/image-host/master/output_images/depth/fab584a3-42d9-4217-a493-ec0d71878e56-original.png,https://raw.githubusercontent.com/Mehdi1704/image-host/master/output_images/normals/fab584a3-42d9-4217-a493-ec0d71878e56-original.png
fab584a3-42d9-4217-a493-ec0d71878e56-original(1),https://raw.githubusercontent.com/Mehdi1704/image-host/master/output_images/images/fab584a3-42d9-4217-a493-ec0d71878e56-original%281%29.jpeg,https://raw.githubusercontent.com/Mehdi1704/image-host/master/output_images/depth/fab584a3-42d9-4217-a493-ec0d71878e56-original%281%29.png,https://raw.githubusercontent.com/Mehdi1704/image-host/master/output_images/normals/fab584a3-42d9-4217-a493-ec0d71878e56-original%281%29.png
feb15752-d5e3-4f73-8eeb-9fb560cc6f6b-original,https://raw.githubusercontent.com/Mehdi1704/image-host/master/output_images/images/feb15752-d5e3-4f73-8eeb-9fb560cc6f6b-original.jpeg,https://raw.githubusercontent.com/Mehdi1704/image-host/master/output_images/depth/feb15752-d5e3-4f73-8eeb-9fb560cc6f6b-original.png,https://raw.githubusercontent.com/Mehdi1704/image-host/master/output_images/normals/feb15752-d5e3-4f73-8eeb-9fb560cc6f6b-original.png
ff6e3f38-43e0-4b06-8a58-63fa5b77ccc8-original,https://raw.githubusercontent.com/Mehdi1704/image-host/master/output_images/images/ff6e3f38-43e0-4b06-8a58-63fa5b77ccc8-original.jpeg,https://raw.githubusercontent.com/Mehdi1704/image-host/master/output_images/depth/ff6e3f38-43e0-4b06-8a58-63fa5b77ccc8-original.png,https://raw.githubusercontent.com/Mehdi1704/image-host/master/output_images/normals/ff6e3f38-43e0-4b06-8a58-63fa5b77ccc8-original.png
